{"loss": [155.57138061523438, 2.5782601833343506, 1.8995555639266968, 1.5955278873443604, 6.61952543258667, 2.409940242767334, 1.221501111984253, 0.9192621111869812, 0.9245771169662476, 2.3482260704040527, 26.815332412719727, 0.624514639377594, 0.4541723132133484, 0.49009639024734497, 0.304993599653244, 14.160090446472168, 1.189645528793335, 0.3370603621006012, 0.42148876190185547, 0.3705173432826996, 0.17215073108673096, 17.062923431396484, 1.5134871006011963, 0.1375357210636139, 0.2078455239534378, 7.42839241027832, 0.3354101777076721, 0.16872042417526245, 0.13345801830291748, 3.4648094177246094], "accuracy": [0.07199999690055847, 0.1720000058412552, 0.3840000033378601, 0.46799999475479126, 0.41200000047683716, 0.47600001096725464, 0.6119999885559082, 0.6919999718666077, 0.7120000123977661, 0.5839999914169312, 0.23600000143051147, 0.7879999876022339, 0.8560000061988831, 0.8399999737739563, 0.9200000166893005, 0.4880000054836273, 0.7599999904632568, 0.9279999732971191, 0.9160000085830688, 0.9079999923706055, 0.9480000138282776, 0.515999972820282, 0.8119999766349792, 0.9679999947547913, 0.9399999976158142, 0.5519999861717224, 0.9520000219345093, 0.9639999866485596, 0.972000002861023, 0.7080000042915344], "val_loss": [3.484753370285034, 1.816776990890503, 1.47713041305542, 1.5074913501739502, 2.096910238265991, 1.609214186668396, 0.7033537030220032, 0.8401879072189331, 0.5827531218528748, 9.329588890075684, 0.6612548232078552, 0.3898608088493347, 0.23963510990142822, 0.3307047188282013, 1.731420636177063, 1.1160054206848145, 0.20655041933059692, 0.8957845568656921, 0.29938653111457825, 0.11617772281169891, 2.9042599201202393, 0.18482768535614014, 0.10981500893831253, 0.07150714844465256, 0.7180085182189941, 2.264732599258423, 0.0694144070148468, 0.04801454395055771, 1.5333251953125, 0.09896132349967957], "val_accuracy": [0.14000000059604645, 0.4399999976158142, 0.5400000214576721, 0.4650000035762787, 0.375, 0.5699999928474426, 0.800000011920929, 0.7400000095367432, 0.8450000286102295, 0.26499998569488525, 0.7799999713897705, 0.8899999856948853, 0.949999988079071, 0.9599999785423279, 0.7149999737739563, 0.7099999785423279, 0.9599999785423279, 0.8450000286102295, 0.9049999713897705, 0.9800000190734863, 0.7699999809265137, 0.9599999785423279, 0.9900000095367432, 0.9950000047683716, 0.8299999833106995, 0.7300000190734863, 1.0, 1.0, 0.7450000047683716, 0.9750000238418579]}